title,artist,genre,year
Shadows of the Night 39,Echo Ensemble,Rock,2020
Whispers in the Wind 76,The Vibrations,Classical,2021
Shadows of the Night 71,The Harmonics,Jazz,1988
Shadows of the Night 87,The Harmonics,Rock,2011
Rhythms of the Heart 67,Echo Ensemble,Rock,1988
Rhythms of the Heart 64,Serenity Sounds,Rock,2012
Rhythms of the Heart 76,The Harmonics,Rock,2003
Echoes of Eternity 24,Serenity Sounds,Pop,1996
Rhythms of the Heart 13,Echo Ensemble,Classical,1989
Shadows of the Night 65,Echo Ensemble,Pop,1987
Echoes of Eternity 80,The Vibrations,Classical,2003
Rhythms of the Heart 50,Serenity Sounds,Rock,1988
Whispers in the Wind 44,Serenity Sounds,Pop,2020
Echoes of Eternity 60,Serenity Sounds,Classical,1987
Echoes of Eternity 62,The Harmonics,Rock,1985
Echoes of Eternity 23,Serenity Sounds,Pop,2017
Rhythms of the Heart 29,Echo Ensemble,Rock,2003
Rhythms of the Heart 93,The Vibrations,Classical,1998
Echoes of Eternity 55,The Vibrations,Rock,1981
Echoes of Eternity 21,The Vibrations,Rock,2008
Shadows of the Night 27,Serenity Sounds,Jazz,1981
Whispers in the Wind 63,The Vibrations,Pop,2014
Echoes of Eternity 71,Echo Ensemble,Pop,2021
Whispers in the Wind 6,The Harmonics,Jazz,1995
Echoes of Eternity 84,The Vibrations,Jazz,1983
Echoes of Eternity 10,The Vibrations,Pop,1987
Shadows of the Night 58,The Harmonics,Classical,2017
Echoes of Eternity 9,Echo Ensemble,Pop,1995
Whispers in the Wind 85,The Vibrations,Rock,2022
Whispers in the Wind 100,The Harmonics,Classical,1994
Echoes of Eternity 30,The Vibrations,Jazz,1997
Shadows of the Night 100,Serenity Sounds,Classical,1983
Whispers in the Wind 87,Echo Ensemble,Jazz,2004
Echoes of Eternity 64,Serenity Sounds,Pop,1995
Echoes of Eternity 50,The Vibrations,Pop,2007
Whispers in the Wind 35,Serenity Sounds,Classical,2003
Shadows of the Night 7,Echo Ensemble,Rock,2012
Whispers in the Wind 32,The Harmonics,Classical,1986
Shadows of the Night 63,Serenity Sounds,Classical,2017
Rhythms of the Heart 70,Echo Ensemble,Jazz,2004
Shadows of the Night 56,Echo Ensemble,Pop,2022
Echoes of Eternity 64,The Vibrations,Jazz,2011
Rhythms of the Heart 48,The Harmonics,Classical,2022
Rhythms of the Heart 93,Echo Ensemble,Pop,1981
Echoes of Eternity 53,The Vibrations,Jazz,1981
Echoes of Eternity 56,The Vibrations,Jazz,1996
Rhythms of the Heart 62,The Harmonics,Rock,1980
Shadows of the Night 27,The Vibrations,Rock,1988
Shadows of the Night 54,The Vibrations,Jazz,1983
Echoes of Eternity 29,The Harmonics,Classical,1983
Rhythms of the Heart 80,The Vibrations,Classical,2021
Whispers in the Wind 73,Echo Ensemble,Rock,1980
Whispers in the Wind 23,The Vibrations,Pop,2022
Shadows of the Night 21,The Harmonics,Classical,2006
Rhythms of the Heart 61,Echo Ensemble,Rock,2002
Shadows of the Night 95,The Harmonics,Rock,2014
Echoes of Eternity 88,The Harmonics,Jazz,2016
Whispers in the Wind 12,Serenity Sounds,Jazz,2012
Whispers in the Wind 56,The Vibrations,Classical,1987
Echoes of Eternity 88,Serenity Sounds,Pop,2020
Rhythms of the Heart 25,Serenity Sounds,Classical,2019
Rhythms of the Heart 100,Echo Ensemble,Pop,2008
Whispers in the Wind 73,Serenity Sounds,Rock,1997
Echoes of Eternity 52,Echo Ensemble,Jazz,1993
Rhythms of the Heart 51,The Vibrations,Classical,2020
Echoes of Eternity 21,Echo Ensemble,Jazz,2009
Rhythms of the Heart 68,Serenity Sounds,Pop,2003
Rhythms of the Heart 91,The Vibrations,Rock,2003
Whispers in the Wind 77,Serenity Sounds,Classical,1990
Echoes of Eternity 1,Serenity Sounds,Pop,1999
Echoes of Eternity 28,Echo Ensemble,Classical,2008
Shadows of the Night 2,Serenity Sounds,Pop,2008
Echoes of Eternity 25,The Vibrations,Classical,1981
Whispers in the Wind 93,The Vibrations,Jazz,2001
Rhythms of the Heart 5,The Harmonics,Jazz,2020
Rhythms of the Heart 16,The Vibrations,Pop,1993
Whispers in the Wind 66,The Harmonics,Classical,2008
Rhythms of the Heart 19,Serenity Sounds,Jazz,1990
Shadows of the Night 45,Serenity Sounds,Classical,1984
Echoes of Eternity 4,Serenity Sounds,Jazz,1989
Echoes of Eternity 33,Echo Ensemble,Pop,1982
Whispers in the Wind 64,Serenity Sounds,Classical,2008
Shadows of the Night 96,The Vibrations,Pop,1987
Echoes of Eternity 39,Serenity Sounds,Classical,1995
Rhythms of the Heart 49,The Vibrations,Classical,2018
Echoes of Eternity 38,Echo Ensemble,Pop,1995
Whispers in the Wind 24,Serenity Sounds,Classical,2005
Shadows of the Night 87,The Vibrations,Pop,2013
Whispers in the Wind 1,The Vibrations,Pop,1988
Whispers in the Wind 14,Echo Ensemble,Rock,1984
Shadows of the Night 93,Serenity Sounds,Pop,2017
Rhythms of the Heart 68,The Vibrations,Jazz,1990
Whispers in the Wind 50,The Harmonics,Pop,2008
Echoes of Eternity 41,Echo Ensemble,Jazz,1981
Shadows of the Night 1,Serenity Sounds,Rock,2006
Whispers in the Wind 69,The Vibrations,Rock,1983
Rhythms of the Heart 63,Echo Ensemble,Classical,1989
Echoes of Eternity 56,The Harmonics,Rock,1996
Echoes of Eternity 75,Echo Ensemble,Rock,2004
Whispers in the Wind 69,The Harmonics,Pop,2020
Echoes of Eternity 42,The Vibrations,Classical,1994
Whispers in the Wind 33,Serenity Sounds,Jazz,1992
Whispers in the Wind 94,Echo Ensemble,Classical,2004
Shadows of the Night 49,The Harmonics,Pop,1993
Echoes of Eternity 76,The Harmonics,Pop,2015
Rhythms of the Heart 84,The Harmonics,Classical,2021
Rhythms of the Heart 92,Serenity Sounds,Classical,1986
Echoes of Eternity 19,The Harmonics,Jazz,1985
Shadows of the Night 5,The Vibrations,Rock,1981
Whispers in the Wind 68,The Harmonics,Pop,1992
Rhythms of the Heart 76,Echo Ensemble,Pop,2008
Echoes of Eternity 18,Serenity Sounds,Pop,1992
Shadows of the Night 76,The Harmonics,Jazz,2006
Shadows of the Night 78,The Harmonics,Classical,2022
Shadows of the Night 90,Serenity Sounds,Pop,1997
Echoes of Eternity 11,The Harmonics,Pop,1991
Whispers in the Wind 29,The Vibrations,Classical,1991
Rhythms of the Heart 58,The Harmonics,Classical,2007
Shadows of the Night 46,The Vibrations,Rock,2000
Shadows of the Night 57,Echo Ensemble,Rock,2022
Whispers in the Wind 36,Echo Ensemble,Rock,1983
Rhythms of the Heart 99,Serenity Sounds,Classical,2012
Echoes of Eternity 59,The Vibrations,Classical,1991
Echoes of Eternity 31,The Vibrations,Pop,1998
Whispers in the Wind 50,The Vibrations,Rock,2009
Shadows of the Night 47,Echo Ensemble,Classical,1994
Shadows of the Night 26,Echo Ensemble,Rock,2001
Rhythms of the Heart 20,Serenity Sounds,Classical,2007
Shadows of the Night 19,The Vibrations,Jazz,1997
Rhythms of the Heart 34,The Harmonics,Pop,2021
Rhythms of the Heart 88,The Vibrations,Jazz,2010
Rhythms of the Heart 78,The Harmonics,Jazz,1999
Echoes of Eternity 6,Echo Ensemble,Classical,2003
Echoes of Eternity 30,The Harmonics,Pop,2014
Shadows of the Night 22,Serenity Sounds,Rock,1980
Echoes of Eternity 38,Serenity Sounds,Jazz,2018
Shadows of the Night 18,Serenity Sounds,Pop,2000
Echoes of Eternity 86,Echo Ensemble,Rock,2001
Shadows of the Night 25,The Harmonics,Rock,1991
Whispers in the Wind 89,The Vibrations,Rock,2010
Echoes of Eternity 5,The Harmonics,Classical,1989
Whispers in the Wind 91,The Vibrations,Rock,2016
Shadows of the Night 80,The Vibrations,Rock,1999
Shadows of the Night 66,The Harmonics,Rock,2016
Shadows of the Night 93,The Harmonics,Pop,2014
Rhythms of the Heart 35,Echo Ensemble,Rock,1997
Whispers in the Wind 1,Serenity Sounds,Rock,2005
Shadows of the Night 32,The Harmonics,Rock,2021
Shadows of the Night 48,The Vibrations,Rock,1998
Echoes of Eternity 28,The Vibrations,Rock,2021
Rhythms of the Heart 47,The Harmonics,Classical,2015
Whispers in the Wind 56,Serenity Sounds,Jazz,2006
Rhythms of the Heart 25,The Vibrations,Pop,1991
Echoes of Eternity 16,Serenity Sounds,Jazz,2010
Shadows of the Night 73,The Harmonics,Jazz,2020
Shadows of the Night 4,Echo Ensemble,Jazz,1980
Whispers in the Wind 29,Serenity Sounds,Pop,2013
Rhythms of the Heart 26,The Harmonics,Classical,1982
Rhythms of the Heart 4,Echo Ensemble,Jazz,2008
Whispers in the Wind 43,The Vibrations,Jazz,2002
Echoes of Eternity 46,Serenity Sounds,Pop,2017
Rhythms of the Heart 22,The Harmonics,Pop,2007
Whispers in the Wind 60,Echo Ensemble,Jazz,1996
Shadows of the Night 36,Serenity Sounds,Classical,1995
Shadows of the Night 55,Serenity Sounds,Classical,1986
Rhythms of the Heart 61,Serenity Sounds,Rock,1997
Shadows of the Night 81,Echo Ensemble,Jazz,1983
Echoes of Eternity 89,The Harmonics,Rock,1991
Rhythms of the Heart 66,Serenity Sounds,Rock,2011
Whispers in the Wind 74,Echo Ensemble,Jazz,1991
Shadows of the Night 41,The Vibrations,Jazz,1990
Rhythms of the Heart 26,Serenity Sounds,Pop,1986
Echoes of Eternity 30,Serenity Sounds,Pop,2012
Whispers in the Wind 3,The Vibrations,Jazz,1997
Whispers in the Wind 11,The Vibrations,Rock,1995
Whispers in the Wind 25,The Vibrations,Classical,2001
Whispers in the Wind 39,The Harmonics,Classical,2019
Whispers in the Wind 25,The Harmonics,Classical,1998
Rhythms of the Heart 81,The Harmonics,Jazz,1991
Whispers in the Wind 17,The Harmonics,Rock,2019
Whispers in the Wind 72,Serenity Sounds,Rock,1985
Rhythms of the Heart 23,The Harmonics,Pop,1981
Whispers in the Wind 63,Echo Ensemble,Pop,2004
Whispers in the Wind 21,Serenity Sounds,Pop,1985
Rhythms of the Heart 84,Serenity Sounds,Pop,2022
Echoes of Eternity 9,The Vibrations,Jazz,2018
Rhythms of the Heart 42,The Vibrations,Classical,2003
Echoes of Eternity 51,Echo Ensemble,Pop,2014
Shadows of the Night 8,Echo Ensemble,Pop,2004
Echoes of Eternity 13,Serenity Sounds,Pop,1999
Echoes of Eternity 60,The Harmonics,Rock,2018
Shadows of the Night 42,Echo Ensemble,Rock,2006
Echoes of Eternity 51,The Vibrations,Pop,2000
Shadows of the Night 38,Echo Ensemble,Jazz,2007
Whispers in the Wind 20,The Vibrations,Pop,1988
Echoes of Eternity 91,The Harmonics,Pop,2005
Shadows of the Night 3,The Vibrations,Classical,1994
Rhythms of the Heart 3,The Harmonics,Jazz,1981
Shadows of the Night 59,The Harmonics,Jazz,2015
Rhythms of the Heart 88,Echo Ensemble,Pop,2011
Whispers in the Wind 26,Echo Ensemble,Classical,2001
Echoes of Eternity 98,Echo Ensemble,Classical,1987
Whispers in the Wind 89,Serenity Sounds,Jazz,1999
Shadows of the Night 85,Echo Ensemble,Jazz,1997
Echoes of Eternity 14,The Harmonics,Pop,1992
Shadows of the Night 82,Echo Ensemble,Jazz,2012
Rhythms of the Heart 28,Serenity Sounds,Rock,2003
Echoes of Eternity 63,The Harmonics,Pop,1993
Echoes of Eternity 96,The Harmonics,Pop,1982
Whispers in the Wind 67,The Vibrations,Classical,2013
Shadows of the Night 52,The Harmonics,Pop,2015
Shadows of the Night 10,The Vibrations,Pop,2016
Rhythms of the Heart 76,Serenity Sounds,Classical,1996
Whispers in the Wind 16,Serenity Sounds,Pop,2021
Echoes of Eternity 56,Echo Ensemble,Classical,1990
Shadows of the Night 65,The Harmonics,Pop,2021
Whispers in the Wind 58,Serenity Sounds,Pop,1995
Echoes of Eternity 70,Serenity Sounds,Rock,2009
Shadows of the Night 50,The Vibrations,Pop,2007
Echoes of Eternity 12,Serenity Sounds,Rock,1999
Rhythms of the Heart 85,The Vibrations,Pop,1998
Rhythms of the Heart 7,The Vibrations,Jazz,2008
Shadows of the Night 93,The Vibrations,Jazz,2003
Whispers in the Wind 29,Echo Ensemble,Jazz,1989
Whispers in the Wind 93,The Harmonics,Jazz,2009
Rhythms of the Heart 74,Echo Ensemble,Rock,2006
Whispers in the Wind 22,Echo Ensemble,Jazz,2020
Whispers in the Wind 83,The Harmonics,Classical,1988
Whispers in the Wind 86,Echo Ensemble,Pop,1981
Rhythms of the Heart 37,The Harmonics,Rock,1985
Echoes of Eternity 11,The Vibrations,Rock,2008
Rhythms of the Heart 53,The Vibrations,Classical,1983
Echoes of Eternity 25,The Harmonics,Classical,1983
Echoes of Eternity 7,The Harmonics,Rock,1993
Whispers in the Wind 9,Serenity Sounds,Rock,1984
Whispers in the Wind 23,Echo Ensemble,Classical,2004
Whispers in the Wind 32,Serenity Sounds,Pop,1985
Whispers in the Wind 14,Serenity Sounds,Classical,1984
Rhythms of the Heart 94,Echo Ensemble,Classical,1988
Shadows of the Night 21,The Vibrations,Classical,1987
Shadows of the Night 85,The Harmonics,Classical,2004
Shadows of the Night 22,Echo Ensemble,Jazz,1988
Rhythms of the Heart 45,Serenity Sounds,Pop,2016
Shadows of the Night 11,Serenity Sounds,Classical,1998
Whispers in the Wind 63,The Harmonics,Classical,1988
Whispers in the Wind 95,The Harmonics,Pop,2002
Whispers in the Wind 96,The Harmonics,Pop,2016
Whispers in the Wind 47,The Vibrations,Classical,1986
Whispers in the Wind 38,The Vibrations,Jazz,2007
Echoes of Eternity 100,The Harmonics,Classical,1994
Whispers in the Wind 31,Echo Ensemble,Jazz,1983
Rhythms of the Heart 57,Echo Ensemble,Rock,2012
Whispers in the Wind 86,The Vibrations,Jazz,1986
Rhythms of the Heart 56,Serenity Sounds,Classical,2010
Shadows of the Night 89,The Harmonics,Pop,2014
Echoes of Eternity 2,The Harmonics,Pop,2010
Rhythms of the Heart 10,Echo Ensemble,Jazz,2009
Echoes of Eternity 59,Echo Ensemble,Pop,1985
Rhythms of the Heart 27,Serenity Sounds,Pop,1985
Shadows of the Night 20,The Vibrations,Jazz,2022
Echoes of Eternity 17,Echo Ensemble,Classical,1999
Whispers in the Wind 34,Echo Ensemble,Pop,2005
Shadows of the Night 72,The Harmonics,Pop,2006
Rhythms of the Heart 1,Serenity Sounds,Jazz,2022
Shadows of the Night 11,The Harmonics,Classical,1997
Whispers in the Wind 21,The Harmonics,Pop,1986
Whispers in the Wind 79,Echo Ensemble,Rock,1994
Echoes of Eternity 80,The Harmonics,Pop,2000
Whispers in the Wind 34,The Vibrations,Classical,2010
Shadows of the Night 7,The Harmonics,Classical,1995
Shadows of the Night 35,The Harmonics,Pop,1985
Rhythms of the Heart 86,Serenity Sounds,Classical,2007
Shadows of the Night 56,The Harmonics,Rock,2005
Whispers in the Wind 4,The Harmonics,Rock,1980
Whispers in the Wind 38,Serenity Sounds,Pop,2000
Echoes of Eternity 26,The Vibrations,Jazz,2009
Whispers in the Wind 10,Echo Ensemble,Jazz,1984
Echoes of Eternity 67,Serenity Sounds,Classical,1984
Shadows of the Night 67,The Harmonics,Pop,2009
Rhythms of the Heart 72,The Vibrations,Rock,2004
Whispers in the Wind 82,Echo Ensemble,Rock,1988
Shadows of the Night 9,Echo Ensemble,Pop,1995
Echoes of Eternity 86,The Harmonics,Rock,1997
Whispers in the Wind 79,The Vibrations,Pop,1986
Whispers in the Wind 18,The Vibrations,Jazz,2003
Whispers in the Wind 11,Serenity Sounds,Rock,2002
Rhythms of the Heart 54,The Harmonics,Pop,2020
Whispers in the Wind 51,The Vibrations,Classical,1992
Rhythms of the Heart 90,The Vibrations,Pop,2006
Echoes of Eternity 1,The Vibrations,Rock,2008
Echoes of Eternity 13,The Vibrations,Classical,2004
Echoes of Eternity 79,Echo Ensemble,Jazz,2004
Rhythms of the Heart 10,The Harmonics,Classical,2002
Rhythms of the Heart 83,Echo Ensemble,Pop,2012
Whispers in the Wind 71,Serenity Sounds,Rock,2011
Shadows of the Night 34,Echo Ensemble,Jazz,1994
Rhythms of the Heart 73,Serenity Sounds,Rock,2014
Shadows of the Night 47,The Harmonics,Pop,2003
Echoes of Eternity 69,The Vibrations,Jazz,2005
Rhythms of the Heart 54,The Vibrations,Rock,2014
Rhythms of the Heart 46,The Vibrations,Pop,1984
Echoes of Eternity 36,Serenity Sounds,Rock,1984
Rhythms of the Heart 77,Serenity Sounds,Rock,1996
Whispers in the Wind 89,Echo Ensemble,Rock,2009
Whispers in the Wind 23,Serenity Sounds,Classical,2016
Rhythms of the Heart 92,The Harmonics,Classical,2010
Rhythms of the Heart 7,The Harmonics,Classical,2002
Echoes of Eternity 29,Serenity Sounds,Pop,2017
Whispers in the Wind 39,Serenity Sounds,Classical,2000
Rhythms of the Heart 49,Serenity Sounds,Classical,2002
Shadows of the Night 59,Echo Ensemble,Jazz,1987
Echoes of Eternity 82,Serenity Sounds,Jazz,2009
Shadows of the Night 90,The Harmonics,Pop,1987
Echoes of Eternity 34,Echo Ensemble,Pop,1988
Rhythms of the Heart 7,Serenity Sounds,Jazz,2010
Shadows of the Night 30,Serenity Sounds,Rock,1986
Echoes of Eternity 13,Echo Ensemble,Pop,2021
Rhythms of the Heart 80,Serenity Sounds,Rock,1993
Rhythms of the Heart 24,Serenity Sounds,Jazz,1994
Whispers in the Wind 58,The Harmonics,Jazz,1997
Shadows of the Night 72,The Vibrations,Classical,2013
Shadows of the Night 63,The Vibrations,Jazz,1981
Rhythms of the Heart 71,The Vibrations,Rock,2020
Shadows of the Night 73,Serenity Sounds,Classical,2002
Shadows of the Night 64,The Vibrations,Jazz,1994
Rhythms of the Heart 79,Echo Ensemble,Classical,1980
Echoes of Eternity 29,Echo Ensemble,Classical,2017
Rhythms of the Heart 88,The Harmonics,Classical,1999
Whispers in the Wind 10,Serenity Sounds,Rock,1982
Shadows of the Night 51,Serenity Sounds,Pop,1985
Shadows of the Night 27,Echo Ensemble,Rock,1980
Shadows of the Night 52,Serenity Sounds,Pop,2007
Echoes of Eternity 83,Echo Ensemble,Classical,1994
Echoes of Eternity 27,Serenity Sounds,Classical,2009
Whispers in the Wind 19,Echo Ensemble,Pop,1989
Whispers in the Wind 82,The Harmonics,Rock,2004
Shadows of the Night 77,The Vibrations,Rock,2015
Shadows of the Night 6,Serenity Sounds,Pop,2008
Shadows of the Night 70,The Harmonics,Jazz,2006
Whispers in the Wind 42,The Vibrations,Jazz,1984
Echoes of Eternity 36,The Harmonics,Classical,2019
Rhythms of the Heart 57,The Harmonics,Jazz,1992
Whispers in the Wind 46,Serenity Sounds,Pop,1981
Echoes of Eternity 65,The Harmonics,Jazz,2000
Rhythms of the Heart 56,Echo Ensemble,Pop,1989
Rhythms of the Heart 84,Echo Ensemble,Pop,2016
Whispers in the Wind 13,Echo Ensemble,Rock,2007
Rhythms of the Heart 72,The Harmonics,Classical,2016
Shadows of the Night 79,Serenity Sounds,Pop,1990
Rhythms of the Heart 93,The Harmonics,Rock,1982
Whispers in the Wind 11,The Harmonics,Pop,2006
Echoes of Eternity 56,Serenity Sounds,Rock,2022
Echoes of Eternity 50,The Harmonics,Jazz,1994
Rhythms of the Heart 60,The Vibrations,Rock,2003
Whispers in the Wind 20,The Harmonics,Jazz,2022
Rhythms of the Heart 16,Serenity Sounds,Classical,1996
Shadows of the Night 10,Serenity Sounds,Jazz,2006
Rhythms of the Heart 95,The Vibrations,Jazz,1986
Whispers in the Wind 98,Echo Ensemble,Pop,2005
Rhythms of the Heart 34,Echo Ensemble,Pop,2015
Rhythms of the Heart 39,Echo Ensemble,Jazz,2019
Rhythms of the Heart 54,Serenity Sounds,Pop,2006
Shadows of the Night 53,Serenity Sounds,Jazz,1998
Rhythms of the Heart 83,The Harmonics,Jazz,2012
Whispers in the Wind 99,The Harmonics,Jazz,1990
Rhythms of the Heart 70,The Harmonics,Pop,2012
Rhythms of the Heart 45,The Vibrations,Rock,1980
Shadows of the Night 44,Echo Ensemble,Rock,1995
Shadows of the Night 100,The Harmonics,Jazz,2017
Whispers in the Wind 94,The Vibrations,Rock,2002
Shadows of the Night 79,The Harmonics,Pop,2021
Rhythms of the Heart 69,Serenity Sounds,Pop,1998
Rhythms of the Heart 82,Echo Ensemble,Classical,2003
Echoes of Eternity 54,Echo Ensemble,Jazz,1986
Whispers in the Wind 18,The Harmonics,Rock,1981
Echoes of Eternity 36,The Vibrations,Classical,2012
Rhythms of the Heart 35,The Vibrations,Classical,2005
Rhythms of the Heart 82,The Vibrations,Pop,1994
Echoes of Eternity 97,Echo Ensemble,Jazz,2000
Whispers in the Wind 41,Echo Ensemble,Classical,1982
Rhythms of the Heart 66,The Harmonics,Jazz,2005
Rhythms of the Heart 65,The Vibrations,Rock,2016
Shadows of the Night 7,The Vibrations,Pop,2001
Shadows of the Night 22,The Vibrations,Rock,2011
Shadows of the Night 67,The Vibrations,Classical,1992
Whispers in the Wind 42,Serenity Sounds,Jazz,1994
Whispers in the Wind 84,Serenity Sounds,Rock,2008
Echoes of Eternity 61,The Vibrations,Pop,2017
Shadows of the Night 92,The Vibrations,Rock,2014
Rhythms of the Heart 90,Serenity Sounds,Pop,1987
Whispers in the Wind 46,Echo Ensemble,Classical,1984
Echoes of Eternity 96,The Vibrations,Pop,2014
Shadows of the Night 95,The Vibrations,Classical,1983
Rhythms of the Heart 6,The Harmonics,Pop,1990
Shadows of the Night 23,The Harmonics,Pop,2004
Whispers in the Wind 62,The Harmonics,Jazz,2010
Shadows of the Night 29,Serenity Sounds,Jazz,2015
Shadows of the Night 100,Echo Ensemble,Pop,2003
Shadows of the Night 19,Echo Ensemble,Pop,1983
Rhythms of the Heart 62,Echo Ensemble,Pop,2021
Rhythms of the Heart 51,Echo Ensemble,Rock,2007
Whispers in the Wind 86,The Harmonics,Classical,2001
Whispers in the Wind 11,Echo Ensemble,Jazz,2004
Echoes of Eternity 100,Echo Ensemble,Classical,2010
Rhythms of the Heart 60,The Harmonics,Jazz,1987
Rhythms of the Heart 10,Serenity Sounds,Pop,1999
Shadows of the Night 10,Echo Ensemble,Pop,2002
Whispers in the Wind 30,The Harmonics,Pop,1985
Whispers in the Wind 48,The Harmonics,Pop,2022
Echoes of Eternity 73,Serenity Sounds,Rock,2005
Echoes of Eternity 7,The Vibrations,Jazz,2021
Echoes of Eternity 21,Serenity Sounds,Pop,1980
Echoes of Eternity 23,Echo Ensemble,Jazz,2016
Shadows of the Night 64,Serenity Sounds,Classical,2011
Shadows of the Night 24,The Vibrations,Rock,2005
Shadows of the Night 72,Serenity Sounds,Rock,2012
Echoes of Eternity 9,The Harmonics,Rock,1999
Whispers in the Wind 45,Echo Ensemble,Jazz,2004
Shadows of the Night 37,Echo Ensemble,Pop,2006
Rhythms of the Heart 86,Echo Ensemble,Jazz,2021
Rhythms of the Heart 31,The Harmonics,Rock,2007
Whispers in the Wind 78,Serenity Sounds,Jazz,1985
Whispers in the Wind 92,The Harmonics,Classical,1981
Echoes of Eternity 8,The Harmonics,Rock,2014
Whispers in the Wind 13,The Vibrations,Pop,1997
Echoes of Eternity 57,Serenity Sounds,Jazz,2006
Whispers in the Wind 4,Serenity Sounds,Pop,1987
Rhythms of the Heart 31,Serenity Sounds,Pop,1983
Shadows of the Night 96,The Harmonics,Rock,1984
Echoes of Eternity 35,The Harmonics,Classical,2019
Echoes of Eternity 94,The Harmonics,Rock,2011
Echoes of Eternity 81,The Vibrations,Rock,1982
Echoes of Eternity 97,The Vibrations,Jazz,1989
Whispers in the Wind 63,Serenity Sounds,Classical,2021
Whispers in the Wind 52,The Vibrations,Rock,2002
Rhythms of the Heart 81,Serenity Sounds,Rock,1997
Rhythms of the Heart 33,Serenity Sounds,Classical,1986
Shadows of the Night 56,Serenity Sounds,Pop,2016
Echoes of Eternity 77,The Vibrations,Pop,1998
Whispers in the Wind 31,The Vibrations,Jazz,2009
Echoes of Eternity 45,The Harmonics,Classical,2002
Whispers in the Wind 27,The Vibrations,Pop,2012
Shadows of the Night 28,Serenity Sounds,Pop,2014
Whispers in the Wind 58,Echo Ensemble,Rock,2017
Whispers in the Wind 34,The Harmonics,Pop,1986
Shadows of the Night 20,The Harmonics,Jazz,1983
Whispers in the Wind 6,Echo Ensemble,Classical,1992
Echoes of Eternity 82,The Vibrations,Pop,1986
Whispers in the Wind 28,The Vibrations,Rock,2010
Shadows of the Night 37,The Harmonics,Classical,1999
Rhythms of the Heart 77,Echo Ensemble,Classical,1991
Whispers in the Wind 56,The Harmonics,Classical,2017
Echoes of Eternity 54,The Harmonics,Jazz,2016
Shadows of the Night 12,Echo Ensemble,Pop,2021
Whispers in the Wind 49,Echo Ensemble,Classical,1985
Whispers in the Wind 85,Echo Ensemble,Classical,1989
Rhythms of the Heart 1,Echo Ensemble,Pop,1995
Shadows of the Night 47,Serenity Sounds,Pop,2010
Echoes of Eternity 28,The Harmonics,Rock,2001
Whispers in the Wind 57,Echo Ensemble,Classical,1996
Shadows of the Night 52,Echo Ensemble,Rock,2008
Shadows of the Night 39,Serenity Sounds,Classical,1993
Rhythms of the Heart 51,Serenity Sounds,Rock,2007
Shadows of the Night 69,Serenity Sounds,Rock,1991
Echoes of Eternity 57,Echo Ensemble,Classical,2010
Echoes of Eternity 67,Echo Ensemble,Jazz,1989
Whispers in the Wind 64,The Harmonics,Pop,2012
Shadows of the Night 5,Serenity Sounds,Rock,2015
Shadows of the Night 4,Serenity Sounds,Classical,2008
Whispers in the Wind 41,Serenity Sounds,Pop,2016
Whispers in the Wind 21,Echo Ensemble,Jazz,2009
Echoes of Eternity 75,The Vibrations,Jazz,2009
Shadows of the Night 30,The Harmonics,Rock,2003
Rhythms of the Heart 62,Serenity Sounds,Pop,1981
Whispers in the Wind 93,Serenity Sounds,Classical,2008
Shadows of the Night 77,The Harmonics,Jazz,2010
Rhythms of the Heart 66,Echo Ensemble,Jazz,2020
Shadows of the Night 88,The Vibrations,Jazz,2011
Whispers in the Wind 67,Echo Ensemble,Classical,1988
Rhythms of the Heart 21,Serenity Sounds,Pop,1998
Echoes of Eternity 95,Serenity Sounds,Rock,2001
Echoes of Eternity 53,Echo Ensemble,Pop,1999
Shadows of the Night 74,Serenity Sounds,Jazz,1995
Shadows of the Night 55,Echo Ensemble,Pop,1984
Whispers in the Wind 85,The Harmonics,Jazz,2012
Whispers in the Wind 96,Serenity Sounds,Rock,2004
Rhythms of the Heart 91,Echo Ensemble,Jazz,2020
Echoes of Eternity 89,Echo Ensemble,Pop,2014
Rhythms of the Heart 15,Serenity Sounds,Pop,2000
Whispers in the Wind 44,The Vibrations,Classical,1985
Rhythms of the Heart 8,The Harmonics,Pop,1998
Whispers in the Wind 49,The Harmonics,Pop,2004
Echoes of Eternity 74,The Vibrations,Jazz,1988
Echoes of Eternity 85,The Vibrations,Rock,2007
Rhythms of the Heart 70,Serenity Sounds,Classical,1996
Echoes of Eternity 32,Serenity Sounds,Classical,1986
Rhythms of the Heart 87,The Vibrations,Rock,2007
Rhythms of the Heart 26,Echo Ensemble,Rock,1984
Rhythms of the Heart 47,Serenity Sounds,Rock,1989
Echoes of Eternity 48,Serenity Sounds,Pop,1981
Echoes of Eternity 99,Echo Ensemble,Rock,1981
Shadows of the Night 84,Echo Ensemble,Rock,2002
Shadows of the Night 99,Echo Ensemble,Classical,1985
Echoes of Eternity 72,Echo Ensemble,Jazz,1984
Whispers in the Wind 32,The Vibrations,Pop,1981
Whispers in the Wind 42,The Harmonics,Pop,1988
Rhythms of the Heart 93,Serenity Sounds,Pop,1986
Echoes of Eternity 92,Echo Ensemble,Pop,2016
Rhythms of the Heart 100,Serenity Sounds,Rock,1992
Rhythms of the Heart 36,The Vibrations,Classical,2012
Whispers in the Wind 97,Echo Ensemble,Rock,1986
Echoes of Eternity 61,The Harmonics,Jazz,2002
Rhythms of the Heart 75,The Harmonics,Pop,2019
Shadows of the Night 69,Echo Ensemble,Jazz,2014
Echoes of Eternity 32,The Harmonics,Jazz,2019
Whispers in the Wind 45,The Harmonics,Classical,1995
Rhythms of the Heart 96,The Harmonics,Classical,2003
Echoes of Eternity 60,Echo Ensemble,Jazz,1986
Echoes of Eternity 82,Echo Ensemble,Jazz,1989
Whispers in the Wind 99,The Vibrations,Classical,1990
Whispers in the Wind 25,Serenity Sounds,Rock,2005
Shadows of the Night 54,The Harmonics,Rock,1993
Rhythms of the Heart 40,The Harmonics,Pop,1995
Whispers in the Wind 70,Echo Ensemble,Pop,1982
Whispers in the Wind 78,The Harmonics,Rock,2019
Rhythms of the Heart 90,The Harmonics,Pop,1997
Echoes of Eternity 52,The Vibrations,Rock,1994
Rhythms of the Heart 22,Serenity Sounds,Pop,1999
Whispers in the Wind 80,The Vibrations,Classical,2019
Rhythms of the Heart 18,Serenity Sounds,Pop,2003
Shadows of the Night 95,Echo Ensemble,Rock,2020
Rhythms of the Heart 64,The Harmonics,Rock,1988
Echoes of Eternity 61,Serenity Sounds,Pop,2020
Rhythms of the Heart 9,Serenity Sounds,Pop,2009
Whispers in the Wind 17,The Vibrations,Pop,2017
Rhythms of the Heart 49,Echo Ensemble,Jazz,2016
Shadows of the Night 40,The Vibrations,Classical,2000
Rhythms of the Heart 29,The Vibrations,Jazz,1984
Echoes of Eternity 41,The Vibrations,Jazz,1989
Whispers in the Wind 70,The Vibrations,Pop,2000
Whispers in the Wind 2,Echo Ensemble,Classical,2013
Whispers in the Wind 54,Serenity Sounds,Jazz,1995
Shadows of the Night 17,The Harmonics,Classical,2005
Whispers in the Wind 98,The Vibrations,Pop,2002
Whispers in the Wind 98,The Harmonics,Rock,2005
Rhythms of the Heart 42,Serenity Sounds,Rock,2012
Rhythms of the Heart 12,The Harmonics,Rock,1984
Rhythms of the Heart 23,Serenity Sounds,Pop,2015
Echoes of Eternity 27,Echo Ensemble,Classical,1998
Shadows of the Night 81,The Vibrations,Rock,1998
Shadows of the Night 33,The Vibrations,Rock,2010
Echoes of Eternity 77,The Harmonics,Classical,1985
Shadows of the Night 25,Serenity Sounds,Classical,2021
Whispers in the Wind 57,The Harmonics,Classical,1991
Rhythms of the Heart 33,Echo Ensemble,Rock,2005
Shadows of the Night 15,Serenity Sounds,Jazz,2001
Rhythms of the Heart 67,Serenity Sounds,Jazz,1982
Echoes of Eternity 95,The Vibrations,Classical,1984
Rhythms of the Heart 17,The Harmonics,Pop,2000
Echoes of Eternity 72,The Harmonics,Classical,2007
Whispers in the Wind 50,Serenity Sounds,Pop,2018
Whispers in the Wind 62,The Vibrations,Pop,1987
Echoes of Eternity 48,The Vibrations,Classical,2014
Shadows of the Night 47,The Vibrations,Rock,2010
Rhythms of the Heart 1,The Vibrations,Classical,2021
Shadows of the Night 54,Serenity Sounds,Pop,2017
Shadows of the Night 9,Serenity Sounds,Pop,2022
Rhythms of the Heart 55,Echo Ensemble,Rock,2003
Echoes of Eternity 49,Echo Ensemble,Classical,2019
Shadows of the Night 55,The Harmonics,Jazz,2008
Rhythms of the Heart 41,The Vibrations,Pop,1996
Shadows of the Night 76,Serenity Sounds,Rock,1983
Whispers in the Wind 55,The Vibrations,Rock,1997
Echoes of Eternity 17,The Vibrations,Rock,2014
Whispers in the Wind 37,The Vibrations,Classical,1992
Echoes of Eternity 10,Serenity Sounds,Rock,1986
Whispers in the Wind 3,The Harmonics,Jazz,2000
Shadows of the Night 91,Serenity Sounds,Jazz,1985
Echoes of Eternity 62,Serenity Sounds,Jazz,1992
Whispers in the Wind 12,The Harmonics,Jazz,2016
Whispers in the Wind 17,Echo Ensemble,Rock,2009
Shadows of the Night 26,The Vibrations,Classical,1984
Shadows of the Night 36,The Vibrations,Classical,2018
Echoes of Eternity 5,Echo Ensemble,Pop,1986
Shadows of the Night 97,The Vibrations,Pop,2015
Rhythms of the Heart 39,Serenity Sounds,Rock,1986
Echoes of Eternity 63,The Vibrations,Classical,1998
Echoes of Eternity 100,Serenity Sounds,Classical,2018
Echoes of Eternity 67,The Harmonics,Classical,2002
Shadows of the Night 46,The Harmonics,Classical,1998
Echoes of Eternity 89,The Vibrations,Jazz,2020
Shadows of the Night 60,Echo Ensemble,Pop,1981
Shadows of the Night 7,Serenity Sounds,Jazz,1992
Shadows of the Night 72,Echo Ensemble,Jazz,1989
Echoes of Eternity 87,The Harmonics,Classical,1981
Shadows of the Night 88,Serenity Sounds,Rock,2003
Shadows of the Night 29,The Harmonics,Jazz,2019
Whispers in the Wind 75,The Vibrations,Classical,2002
Rhythms of the Heart 14,Echo Ensemble,Jazz,2014
Whispers in the Wind 96,The Vibrations,Classical,2014
Whispers in the Wind 90,The Vibrations,Rock,2005
Rhythms of the Heart 14,Serenity Sounds,Classical,2021
Whispers in the Wind 38,Echo Ensemble,Pop,2015
Echoes of Eternity 25,Echo Ensemble,Classical,2018
Rhythms of the Heart 14,The Harmonics,Pop,1994
Echoes of Eternity 42,Echo Ensemble,Jazz,2006
Echoes of Eternity 83,The Harmonics,Jazz,1989
Rhythms of the Heart 2,Serenity Sounds,Rock,2002
Echoes of Eternity 6,The Harmonics,Classical,2001
Rhythms of the Heart 55,The Vibrations,Classical,1999
Shadows of the Night 48,The Harmonics,Rock,2014
Shadows of the Night 40,The Harmonics,Pop,2015
Shadows of the Night 82,Serenity Sounds,Jazz,1999
Shadows of the Night 90,Echo Ensemble,Classical,1997
Echoes of Eternity 40,The Harmonics,Jazz,1997
Echoes of Eternity 55,The Harmonics,Classical,1981
Rhythms of the Heart 16,Echo Ensemble,Classical,1995
Echoes of Eternity 84,Serenity Sounds,Classical,2004
Echoes of Eternity 16,The Vibrations,Pop,2013
Shadows of the Night 18,The Vibrations,Rock,2000
Rhythms of the Heart 85,Serenity Sounds,Jazz,2022
Whispers in the Wind 4,The Vibrations,Pop,1983
Rhythms of the Heart 62,The Vibrations,Rock,1983
Whispers in the Wind 64,The Vibrations,Rock,1992
Rhythms of the Heart 51,The Harmonics,Pop,1998
Shadows of the Night 40,Serenity Sounds,Pop,2013
Shadows of the Night 89,The Vibrations,Classical,1980
Whispers in the Wind 46,The Vibrations,Rock,1983
Echoes of Eternity 71,The Vibrations,Pop,2012
Rhythms of the Heart 44,Serenity Sounds,Pop,1986
Whispers in the Wind 30,The Vibrations,Classical,1991
Shadows of the Night 79,The Vibrations,Jazz,1987
Echoes of Eternity 22,Serenity Sounds,Jazz,1988
Echoes of Eternity 97,The Harmonics,Pop,1989
Echoes of Eternity 64,The Harmonics,Pop,2004
Echoes of Eternity 10,The Harmonics,Pop,2018
Shadows of the Night 91,The Vibrations,Rock,1992
Shadows of the Night 13,Serenity Sounds,Pop,1995
Shadows of the Night 4,The Harmonics,Jazz,2003
Echoes of Eternity 23,The Harmonics,Classical,1989
Echoes of Eternity 48,The Harmonics,Jazz,2012
Rhythms of the Heart 21,The Harmonics,Pop,2006
Echoes of Eternity 81,Echo Ensemble,Jazz,2010
Whispers in the Wind 40,The Harmonics,Rock,2018
Whispers in the Wind 55,Serenity Sounds,Pop,1997
Shadows of the Night 37,Serenity Sounds,Pop,1981
Shadows of the Night 36,Echo Ensemble,Jazz,1982
Echoes of Eternity 66,The Harmonics,Rock,1994
Whispers in the Wind 57,Serenity Sounds,Pop,1998
Echoes of Eternity 5,The Vibrations,Pop,1997
Echoes of Eternity 2,Serenity Sounds,Classical,2014
Shadows of the Night 96,Serenity Sounds,Jazz,2004
Echoes of Eternity 10,Echo Ensemble,Jazz,2003
Shadows of the Night 67,Echo Ensemble,Rock,1985
Echoes of Eternity 50,Serenity Sounds,Classical,2003
Echoes of Eternity 12,The Vibrations,Classical,1992
Whispers in the Wind 2,The Harmonics,Jazz,2014
Rhythms of the Heart 27,Echo Ensemble,Classical,1981
Rhythms of the Heart 28,The Harmonics,Jazz,2008
Shadows of the Night 43,Echo Ensemble,Classical,2013
Shadows of the Night 68,Echo Ensemble,Pop,1994
Rhythms of the Heart 64,Echo Ensemble,Classical,1980
Shadows of the Night 63,Echo Ensemble,Classical,2018
Shadows of the Night 84,The Harmonics,Classical,1990
Rhythms of the Heart 90,Echo Ensemble,Jazz,2016
Rhythms of the Heart 11,Echo Ensemble,Classical,2006
Echoes of Eternity 68,Echo Ensemble,Classical,1985
Whispers in the Wind 5,Serenity Sounds,Classical,1988
Rhythms of the Heart 17,Echo Ensemble,Jazz,1988
Rhythms of the Heart 64,The Vibrations,Rock,2012
Shadows of the Night 57,The Harmonics,Pop,1982
Whispers in the Wind 35,The Harmonics,Rock,1983
Echoes of Eternity 17,Serenity Sounds,Jazz,1984
Rhythms of the Heart 87,Echo Ensemble,Rock,2002
Shadows of the Night 97,Serenity Sounds,Pop,2000
Shadows of the Night 34,The Vibrations,Classical,1984
Rhythms of the Heart 59,The Vibrations,Jazz,1986
Echoes of Eternity 98,Serenity Sounds,Classical,1984
Shadows of the Night 92,The Harmonics,Pop,2005
Shadows of the Night 49,The Vibrations,Jazz,2018
Shadows of the Night 33,Serenity Sounds,Pop,2014
Rhythms of the Heart 23,The Vibrations,Classical,2012
Whispers in the Wind 25,Echo Ensemble,Pop,2016
Shadows of the Night 45,The Harmonics,Classical,2020
Echoes of Eternity 16,The Harmonics,Rock,1993
Rhythms of the Heart 50,Echo Ensemble,Classical,1991
Echoes of Eternity 61,Echo Ensemble,Pop,2002
Rhythms of the Heart 30,The Vibrations,Rock,2008
Rhythms of the Heart 13,The Vibrations,Pop,1997
Shadows of the Night 17,Echo Ensemble,Jazz,2020
Rhythms of the Heart 83,The Vibrations,Pop,2021
Rhythms of the Heart 43,Serenity Sounds,Rock,2008
Shadows of the Night 82,The Vibrations,Classical,1997
Whispers in the Wind 78,Echo Ensemble,Jazz,1990
Rhythms of the Heart 5,The Vibrations,Jazz,1993
Rhythms of the Heart 47,The Vibrations,Classical,1982
Shadows of the Night 61,Echo Ensemble,Classical,1994
Echoes of Eternity 71,The Harmonics,Jazz,2013
Whispers in the Wind 23,The Harmonics,Rock,2004
Whispers in the Wind 14,The Harmonics,Rock,1992
Whispers in the Wind 69,Serenity Sounds,Jazz,2015
Shadows of the Night 13,Echo Ensemble,Classical,2000
Whispers in the Wind 76,Echo Ensemble,Pop,2007
Echoes of Eternity 33,The Vibrations,Pop,2000
Shadows of the Night 83,The Harmonics,Rock,1995
Whispers in the Wind 90,The Harmonics,Rock,1998
Echoes of Eternity 41,Serenity Sounds,Classical,1992
Rhythms of the Heart 54,Echo Ensemble,Classical,2010
Echoes of Eternity 35,The Vibrations,Classical,2001
Rhythms of the Heart 2,Echo Ensemble,Classical,2001
Shadows of the Night 2,The Vibrations,Jazz,2005
Whispers in the Wind 84,The Harmonics,Rock,2007
Rhythms of the Heart 69,The Vibrations,Jazz,2012
Whispers in the Wind 6,The Vibrations,Classical,2007
Whispers in the Wind 65,The Harmonics,Pop,2007
Whispers in the Wind 62,Serenity Sounds,Rock,1981
Echoes of Eternity 54,Serenity Sounds,Classical,2006
Whispers in the Wind 70,The Harmonics,Jazz,2015
Whispers in the Wind 57,The Vibrations,Jazz,2011
Shadows of the Night 28,Echo Ensemble,Classical,1986
Echoes of Eternity 73,Echo Ensemble,Classical,2019
Whispers in the Wind 6,Serenity Sounds,Rock,2012
Echoes of Eternity 78,Serenity Sounds,Pop,2003
Shadows of the Night 23,Serenity Sounds,Jazz,2005
Whispers in the Wind 39,Echo Ensemble,Classical,2020
Rhythms of the Heart 38,Serenity Sounds,Jazz,1997
Echoes of Eternity 38,The Vibrations,Pop,2011
Whispers in the Wind 54,Echo Ensemble,Pop,1981
Shadows of the Night 87,Serenity Sounds,Jazz,2013
Whispers in the Wind 41,The Vibrations,Classical,2015
Whispers in the Wind 61,Serenity Sounds,Rock,2003
Rhythms of the Heart 89,The Vibrations,Classical,2018
Shadows of the Night 37,The Vibrations,Pop,1983
Rhythms of the Heart 15,Echo Ensemble,Rock,2010
Rhythms of the Heart 36,The Harmonics,Classical,1989
Whispers in the Wind 20,Echo Ensemble,Classical,2021
Rhythms of the Heart 63,The Vibrations,Jazz,2021
Shadows of the Night 73,Echo Ensemble,Classical,1983
Echoes of Eternity 52,The Harmonics,Pop,2017
Whispers in the Wind 60,The Harmonics,Rock,2019
Echoes of Eternity 23,The Vibrations,Classical,1980
Rhythms of the Heart 43,The Harmonics,Classical,2020
Echoes of Eternity 66,The Vibrations,Pop,2021
Echoes of Eternity 82,The Harmonics,Pop,2007
Whispers in the Wind 54,The Harmonics,Pop,2012
Echoes of Eternity 65,Echo Ensemble,Classical,2004
Rhythms of the Heart 43,Echo Ensemble,Jazz,1988
Echoes of Eternity 2,Echo Ensemble,Classical,2020
Whispers in the Wind 96,Echo Ensemble,Classical,2003
Echoes of Eternity 21,The Harmonics,Classical,2002
Echoes of Eternity 7,Echo Ensemble,Classical,2002
Rhythms of the Heart 85,Echo Ensemble,Rock,1987
Whispers in the Wind 3,Serenity Sounds,Classical,2015
Echoes of Eternity 31,Echo Ensemble,Jazz,2005
Whispers in the Wind 94,Serenity Sounds,Jazz,1997
Shadows of the Night 31,The Vibrations,Jazz,2009
Whispers in the Wind 21,The Vibrations,Classical,2021
Shadows of the Night 70,Serenity Sounds,Rock,1994
Echoes of Eternity 29,The Vibrations,Jazz,2012
Echoes of Eternity 98,The Vibrations,Classical,2014
Echoes of Eternity 70,Echo Ensemble,Pop,2004
Rhythms of the Heart 29,Serenity Sounds,Jazz,2014
Shadows of the Night 94,Serenity Sounds,Rock,1993
Shadows of the Night 81,The Harmonics,Jazz,1991
Shadows of the Night 55,The Vibrations,Jazz,2015
Rhythms of the Heart 74,Serenity Sounds,Pop,2005
Echoes of Eternity 87,Echo Ensemble,Classical,2010
Whispers in the Wind 64,Echo Ensemble,Pop,1987
Whispers in the Wind 76,Serenity Sounds,Classical,1980
Echoes of Eternity 15,Echo Ensemble,Jazz,2004
Shadows of the Night 64,The Harmonics,Rock,2002
Rhythms of the Heart 53,Echo Ensemble,Jazz,2013
Whispers in the Wind 27,Echo Ensemble,Pop,2004
Whispers in the Wind 100,The Vibrations,Pop,1981
Whispers in the Wind 12,The Vibrations,Pop,2000
Shadows of the Night 24,Echo Ensemble,Classical,1994
Whispers in the Wind 9,Echo Ensemble,Rock,2009
Whispers in the Wind 18,Serenity Sounds,Pop,1989
Rhythms of the Heart 38,The Vibrations,Classical,2007
Echoes of Eternity 14,Echo Ensemble,Pop,1981
Whispers in the Wind 98,Serenity Sounds,Pop,2008
Echoes of Eternity 91,Serenity Sounds,Classical,1984
Rhythms of the Heart 78,Serenity Sounds,Rock,1998
Whispers in the Wind 7,Serenity Sounds,Rock,1981
Rhythms of the Heart 98,Serenity Sounds,Pop,1998
Whispers in the Wind 10,The Harmonics,Pop,2000
Whispers in the Wind 100,Serenity Sounds,Classical,2012
Whispers in the Wind 66,Serenity Sounds,Rock,2007
Whispers in the Wind 29,The Harmonics,Pop,2021
Rhythms of the Heart 81,The Vibrations,Rock,1994
Echoes of Eternity 44,The Harmonics,Classical,2014
Shadows of the Night 98,The Vibrations,Classical,2018
Whispers in the Wind 56,Echo Ensemble,Pop,1986
Rhythms of the Heart 42,The Harmonics,Pop,2008
Shadows of the Night 75,The Vibrations,Classical,2019
Rhythms of the Heart 41,The Harmonics,Jazz,2004
Echoes of Eternity 2,The Vibrations,Jazz,1996
Echoes of Eternity 85,Serenity Sounds,Jazz,1992
Shadows of the Night 33,Echo Ensemble,Jazz,2004
Shadows of the Night 50,Echo Ensemble,Classical,1989
Whispers in the Wind 65,The Vibrations,Pop,2017
Echoes of Eternity 34,Serenity Sounds,Classical,2000
Shadows of the Night 86,Echo Ensemble,Jazz,2011
Shadows of the Night 69,The Harmonics,Classical,2009
Whispers in the Wind 79,Serenity Sounds,Rock,2015
Shadows of the Night 25,The Vibrations,Classical,1982
Shadows of the Night 24,The Harmonics,Pop,2006
Echoes of Eternity 40,Serenity Sounds,Jazz,1985
Echoes of Eternity 44,Echo Ensemble,Classical,1993
Rhythms of the Heart 78,Echo Ensemble,Pop,1995
Shadows of the Night 41,Serenity Sounds,Rock,2018
Rhythms of the Heart 35,Serenity Sounds,Classical,1980
Shadows of the Night 5,The Harmonics,Pop,2007
Whispers in the Wind 1,The Harmonics,Rock,1992
Shadows of the Night 74,Echo Ensemble,Classical,2018
Rhythms of the Heart 40,Echo Ensemble,Rock,1996
Shadows of the Night 4,The Vibrations,Classical,1994
Echoes of Eternity 47,Serenity Sounds,Rock,2002
Shadows of the Night 75,Serenity Sounds,Jazz,2017
Whispers in the Wind 32,Echo Ensemble,Classical,1998
Echoes of Eternity 58,Echo Ensemble,Jazz,1983
Echoes of Eternity 90,Echo Ensemble,Rock,2018
Rhythms of the Heart 94,The Harmonics,Classical,2000
Shadows of the Night 3,Echo Ensemble,Rock,2009
Echoes of Eternity 43,Echo Ensemble,Classical,2007
Shadows of the Night 11,The Vibrations,Jazz,2010
Rhythms of the Heart 59,Serenity Sounds,Pop,2018
Whispers in the Wind 19,The Vibrations,Pop,2017
Whispers in the Wind 74,The Vibrations,Classical,2013
Shadows of the Night 48,Echo Ensemble,Pop,1988
Echoes of Eternity 74,Serenity Sounds,Pop,1990
Echoes of Eternity 42,The Harmonics,Classical,2002
Shadows of the Night 51,Echo Ensemble,Jazz,2003
Rhythms of the Heart 14,The Vibrations,Jazz,2008
Rhythms of the Heart 78,The Vibrations,Pop,1990
Echoes of Eternity 95,The Harmonics,Classical,1984
Whispers in the Wind 36,The Vibrations,Pop,2012
Shadows of the Night 69,The Vibrations,Classical,1990
Shadows of the Night 86,Serenity Sounds,Rock,1987
Rhythms of the Heart 72,Echo Ensemble,Pop,2017
Rhythms of the Heart 65,Serenity Sounds,Pop,1981
Whispers in the Wind 54,The Vibrations,Jazz,1995
Echoes of Eternity 20,Serenity Sounds,Classical,2014
Echoes of Eternity 8,Serenity Sounds,Rock,2005
Whispers in the Wind 72,The Vibrations,Pop,2001
Whispers in the Wind 9,The Vibrations,Classical,1994
Rhythms of the Heart 47,Echo Ensemble,Pop,1995
Whispers in the Wind 91,The Harmonics,Rock,2015
Whispers in the Wind 82,Serenity Sounds,Pop,1999
Rhythms of the Heart 49,The Harmonics,Jazz,2009
Whispers in the Wind 52,Serenity Sounds,Jazz,1998
Shadows of the Night 62,The Harmonics,Rock,1993
Echoes of Eternity 65,The Vibrations,Classical,2021
Whispers in the Wind 3,Echo Ensemble,Pop,2022
Rhythms of the Heart 89,Echo Ensemble,Pop,2020
Whispers in the Wind 55,Echo Ensemble,Rock,2007
Shadows of the Night 53,Echo Ensemble,Rock,1987
Shadows of the Night 58,Serenity Sounds,Jazz,2017
Rhythms of the Heart 56,The Harmonics,Classical,2002
Rhythms of the Heart 80,Echo Ensemble,Rock,1996
Echoes of Eternity 4,The Vibrations,Rock,1995
Shadows of the Night 49,Serenity Sounds,Rock,2004
Whispers in the Wind 8,Serenity Sounds,Pop,1990
Whispers in the Wind 14,The Vibrations,Pop,1992
Rhythms of the Heart 44,Echo Ensemble,Jazz,2005
Shadows of the Night 8,The Vibrations,Pop,1999
Rhythms of the Heart 59,Echo Ensemble,Pop,2018
Echoes of Eternity 41,The Harmonics,Jazz,2007
Echoes of Eternity 31,The Harmonics,Pop,1991
Whispers in the Wind 10,The Vibrations,Rock,1990
Echoes of Eternity 99,The Harmonics,Classical,2000
Rhythms of the Heart 67,The Harmonics,Classical,2015
Whispers in the Wind 8,Echo Ensemble,Classical,2015
Echoes of Eternity 15,The Harmonics,Classical,2004
Shadows of the Night 57,Serenity Sounds,Rock,1993
Echoes of Eternity 78,The Vibrations,Classical,2022
Shadows of the Night 49,Echo Ensemble,Rock,2015
Shadows of the Night 21,Echo Ensemble,Jazz,2003
Rhythms of the Heart 3,The Vibrations,Jazz,1983
Rhythms of the Heart 58,Serenity Sounds,Classical,1989
Shadows of the Night 31,The Harmonics,Jazz,1980
Whispers in the Wind 5,The Harmonics,Pop,2015
Rhythms of the Heart 21,The Vibrations,Classical,2013
Rhythms of the Heart 33,The Harmonics,Jazz,1999
Rhythms of the Heart 98,Echo Ensemble,Classical,1997
Rhythms of the Heart 52,Serenity Sounds,Pop,2020
Whispers in the Wind 61,The Vibrations,Pop,2011
Echoes of Eternity 53,Serenity Sounds,Jazz,2011
Whispers in the Wind 48,The Vibrations,Rock,1987
Echoes of Eternity 79,The Vibrations,Rock,2022
Whispers in the Wind 73,The Harmonics,Rock,2012
Rhythms of the Heart 6,Echo Ensemble,Pop,2011
Rhythms of the Heart 30,Serenity Sounds,Rock,2006
Echoes of Eternity 35,Echo Ensemble,Classical,1985
Rhythms of the Heart 1,The Harmonics,Rock,2019
Shadows of the Night 79,Echo Ensemble,Classical,2000
Echoes of Eternity 93,Serenity Sounds,Rock,1991
Whispers in the Wind 88,Echo Ensemble,Pop,1998
Rhythms of the Heart 37,Echo Ensemble,Classical,2009
Rhythms of the Heart 96,Serenity Sounds,Jazz,2021
Shadows of the Night 61,The Vibrations,Classical,2004
Whispers in the Wind 7,The Harmonics,Pop,2012
Shadows of the Night 19,The Harmonics,Pop,2016
Whispers in the Wind 80,The Harmonics,Pop,2000
Whispers in the Wind 2,The Vibrations,Rock,2021
Shadows of the Night 98,Echo Ensemble,Classical,1986
Echoes of Eternity 92,The Harmonics,Classical,2016
Shadows of the Night 65,Serenity Sounds,Pop,2018
Echoes of Eternity 15,The Vibrations,Classical,2013
Whispers in the Wind 30,Echo Ensemble,Rock,1986
Echoes of Eternity 44,Serenity Sounds,Pop,1995
Shadows of the Night 14,Serenity Sounds,Pop,1985
Shadows of the Night 44,The Harmonics,Classical,2017
Rhythms of the Heart 17,Serenity Sounds,Jazz,1992
Echoes of Eternity 42,Serenity Sounds,Rock,1995
Whispers in the Wind 37,Echo Ensemble,Classical,2005
Rhythms of the Heart 24,The Vibrations,Rock,1996
Whispers in the Wind 22,Serenity Sounds,Classical,2016
Echoes of Eternity 63,Echo Ensemble,Rock,1991
Rhythms of the Heart 41,Serenity Sounds,Rock,1995
Shadows of the Night 14,The Vibrations,Pop,2003
Whispers in the Wind 87,The Vibrations,Rock,2006
Rhythms of the Heart 2,The Vibrations,Jazz,1985
Rhythms of the Heart 48,Serenity Sounds,Jazz,2019
Rhythms of the Heart 67,The Vibrations,Pop,2010
Whispers in the Wind 15,Serenity Sounds,Pop,1991
Shadows of the Night 17,Serenity Sounds,Rock,1986
Shadows of the Night 90,The Vibrations,Pop,2003
Whispers in the Wind 90,Echo Ensemble,Classical,1982
Whispers in the Wind 87,The Harmonics,Jazz,1985
Whispers in the Wind 99,Serenity Sounds,Classical,1995
Echoes of Eternity 93,Echo Ensemble,Pop,2013
Echoes of Eternity 19,Serenity Sounds,Classical,1980
Shadows of the Night 59,The Vibrations,Rock,1999
Rhythms of the Heart 72,Serenity Sounds,Jazz,2021
Whispers in the Wind 91,Echo Ensemble,Jazz,2017
Whispers in the Wind 53,The Vibrations,Pop,1990
Echoes of Eternity 11,Echo Ensemble,Classical,1992
Rhythms of the Heart 79,The Vibrations,Classical,1982
Rhythms of the Heart 100,The Vibrations,Jazz,1992
Shadows of the Night 9,The Vibrations,Rock,1986
Rhythms of the Heart 58,The Vibrations,Pop,1985
Shadows of the Night 77,Echo Ensemble,Pop,2004
Echoes of Eternity 6,Serenity Sounds,Pop,1994
Whispers in the Wind 24,Echo Ensemble,Rock,1983
Shadows of the Night 44,Serenity Sounds,Rock,2022
Whispers in the Wind 45,The Vibrations,Pop,1986
Rhythms of the Heart 19,The Harmonics,Pop,2022
Rhythms of the Heart 61,The Vibrations,Jazz,2008
Rhythms of the Heart 60,Serenity Sounds,Classical,1998
Rhythms of the Heart 9,The Harmonics,Pop,1989
Shadows of the Night 70,Echo Ensemble,Classical,1988
Rhythms of the Heart 50,The Harmonics,Classical,2007
Whispers in the Wind 75,The Harmonics,Rock,2020
Rhythms of the Heart 38,Echo Ensemble,Pop,1987
Whispers in the Wind 100,Echo Ensemble,Pop,1980
Rhythms of the Heart 7,Echo Ensemble,Pop,2015
Rhythms of the Heart 60,Echo Ensemble,Classical,2002
Echoes of Eternity 43,The Vibrations,Classical,1982
Shadows of the Night 71,Serenity Sounds,Classical,1980
Echoes of Eternity 30,Echo Ensemble,Pop,2000
Echoes of Eternity 64,Echo Ensemble,Classical,1992
Rhythms of the Heart 18,The Harmonics,Pop,2021
Rhythms of the Heart 32,Serenity Sounds,Pop,2000
Echoes of Eternity 90,The Vibrations,Rock,1986
Whispers in the Wind 26,The Vibrations,Pop,2010
Shadows of the Night 53,The Vibrations,Jazz,1980
Shadows of the Night 27,The Harmonics,Classical,1989
Echoes of Eternity 35,Serenity Sounds,Jazz,1997
Rhythms of the Heart 25,Echo Ensemble,Classical,2009
Rhythms of the Heart 81,Echo Ensemble,Pop,2020
Shadows of the Night 80,The Harmonics,Jazz,1995
Whispers in the Wind 19,The Harmonics,Classical,1982
Whispers in the Wind 61,Echo Ensemble,Pop,2007
Echoes of Eternity 24,The Vibrations,Rock,2012
Shadows of the Night 3,The Harmonics,Rock,1984
Whispers in the Wind 66,Echo Ensemble,Jazz,1989
Whispers in the Wind 81,Echo Ensemble,Classical,2009
Rhythms of the Heart 95,The Harmonics,Rock,1998
Rhythms of the Heart 99,Echo Ensemble,Rock,1995
Echoes of Eternity 20,The Harmonics,Classical,1981
Whispers in the Wind 88,The Vibrations,Classical,1995
Rhythms of the Heart 27,The Vibrations,Classical,1984
Echoes of Eternity 77,Echo Ensemble,Pop,2010
Whispers in the Wind 92,Echo Ensemble,Rock,2012
Rhythms of the Heart 18,Echo Ensemble,Pop,2011
Shadows of the Night 30,The Vibrations,Classical,2008
Rhythms of the Heart 19,Echo Ensemble,Rock,2019
Echoes of Eternity 90,The Harmonics,Rock,1985
Shadows of the Night 51,The Harmonics,Pop,2005
Echoes of Eternity 96,Serenity Sounds,Pop,2003
Echoes of Eternity 52,Serenity Sounds,Pop,2012
Echoes of Eternity 12,The Harmonics,Pop,2013
Whispers in the Wind 34,Serenity Sounds,Jazz,2003
Shadows of the Night 18,The Harmonics,Jazz,2005
Whispers in the Wind 97,The Vibrations,Jazz,2001
Echoes of Eternity 8,Echo Ensemble,Rock,1980
Rhythms of the Heart 89,The Harmonics,Rock,2007
Whispers in the Wind 71,The Vibrations,Jazz,2019
Whispers in the Wind 44,The Harmonics,Pop,1991
Echoes of Eternity 93,The Harmonics,Jazz,1991
Rhythms of the Heart 57,The Vibrations,Rock,1996
Shadows of the Night 58,Echo Ensemble,Rock,1994
Shadows of the Night 35,Echo Ensemble,Classical,1991
Shadows of the Night 16,Echo Ensemble,Classical,2004
Whispers in the Wind 51,Echo Ensemble,Classical,1994
Whispers in the Wind 15,Echo Ensemble,Rock,1989
Whispers in the Wind 45,Serenity Sounds,Rock,2003
Whispers in the Wind 79,The Harmonics,Jazz,2019
Whispers in the Wind 84,The Vibrations,Jazz,1987
Shadows of the Night 52,The Vibrations,Rock,2022
Shadows of the Night 98,The Harmonics,Rock,1980
Echoes of Eternity 22,The Harmonics,Jazz,1997
Shadows of the Night 17,The Vibrations,Classical,1992
Rhythms of the Heart 40,Serenity Sounds,Rock,2011
Shadows of the Night 34,Serenity Sounds,Rock,2003
Echoes of Eternity 99,Serenity Sounds,Pop,2011
Shadows of the Night 63,The Harmonics,Jazz,1980
Shadows of the Night 12,The Harmonics,Jazz,2003
Shadows of the Night 38,Serenity Sounds,Jazz,2001
Echoes of Eternity 57,The Vibrations,Rock,2003
Shadows of the Night 31,Echo Ensemble,Pop,1981
Shadows of the Night 24,Serenity Sounds,Classical,1983
Echoes of Eternity 22,The Vibrations,Jazz,1983
Whispers in the Wind 97,The Harmonics,Pop,2013
Whispers in the Wind 40,The Vibrations,Classical,1991
Echoes of Eternity 65,Serenity Sounds,Classical,1989
Echoes of Eternity 62,Echo Ensemble,Jazz,2013
Rhythms of the Heart 65,The Harmonics,Pop,1998
Whispers in the Wind 70,Serenity Sounds,Pop,2013
Whispers in the Wind 20,Serenity Sounds,Pop,2000
Rhythms of the Heart 80,The Harmonics,Rock,2011
Echoes of Eternity 87,Serenity Sounds,Pop,1997
Rhythms of the Heart 43,The Vibrations,Jazz,2010
Echoes of Eternity 92,The Vibrations,Jazz,1991
Rhythms of the Heart 29,The Harmonics,Classical,1998
Whispers in the Wind 37,Serenity Sounds,Jazz,2018
Shadows of the Night 11,Echo Ensemble,Pop,2006
Shadows of the Night 53,The Harmonics,Jazz,2017
Whispers in the Wind 44,Echo Ensemble,Pop,1987
Rhythms of the Heart 95,Echo Ensemble,Rock,2019
Shadows of the Night 91,Echo Ensemble,Jazz,1986
Echoes of Eternity 86,Serenity Sounds,Jazz,2003
Shadows of the Night 70,The Vibrations,Classical,1995
Rhythms of the Heart 12,The Vibrations,Classical,1996
Shadows of the Night 14,Echo Ensemble,Pop,2017
Echoes of Eternity 3,Serenity Sounds,Rock,2010
Shadows of the Night 6,The Vibrations,Jazz,1998
Echoes of Eternity 68,Serenity Sounds,Rock,2011
Shadows of the Night 60,The Harmonics,Pop,2016
Echoes of Eternity 76,The Vibrations,Pop,2000
Echoes of Eternity 79,The Harmonics,Classical,1985
Echoes of Eternity 27,The Harmonics,Rock,2011
Echoes of Eternity 39,Echo Ensemble,Classical,1994
Echoes of Eternity 73,The Vibrations,Pop,2013
Whispers in the Wind 51,The Harmonics,Pop,2002
Echoes of Eternity 33,Serenity Sounds,Rock,1987
Rhythms of the Heart 58,Echo Ensemble,Pop,1981
Shadows of the Night 85,The Vibrations,Pop,2014
Whispers in the Wind 42,Echo Ensemble,Jazz,2010
Shadows of the Night 89,Serenity Sounds,Rock,2003
Rhythms of the Heart 69,Echo Ensemble,Classical,2013
Shadows of the Night 1,The Vibrations,Classical,1983
Echoes of Eternity 57,The Harmonics,Rock,1981
Whispers in the Wind 86,Serenity Sounds,Classical,2006
Echoes of Eternity 26,The Harmonics,Classical,1986
Whispers in the Wind 40,Echo Ensemble,Classical,1998
Rhythms of the Heart 86,The Harmonics,Jazz,1983
Whispers in the Wind 74,Serenity Sounds,Rock,1986
Shadows of the Night 10,The Harmonics,Classical,1998
Echoes of Eternity 75,Serenity Sounds,Pop,2022
Echoes of Eternity 83,The Vibrations,Classical,1999
Echoes of Eternity 28,Serenity Sounds,Classical,2014
Whispers in the Wind 59,The Vibrations,Classical,2010
Rhythms of the Heart 95,Serenity Sounds,Pop,1981
Rhythms of the Heart 34,Serenity Sounds,Jazz,2013
Shadows of the Night 3,Serenity Sounds,Jazz,2021
Shadows of the Night 19,Serenity Sounds,Rock,2021
Echoes of Eternity 9,Serenity Sounds,Pop,2007
Shadows of the Night 86,The Harmonics,Classical,2019
Echoes of Eternity 4,Echo Ensemble,Classical,2003
Echoes of Eternity 58,The Vibrations,Pop,2016
Echoes of Eternity 32,Echo Ensemble,Classical,1981
Rhythms of the Heart 89,Serenity Sounds,Jazz,1980
Whispers in the Wind 94,The Harmonics,Classical,2016
Echoes of Eternity 90,Serenity Sounds,Classical,2000
Echoes of Eternity 86,The Vibrations,Rock,1987
Shadows of the Night 43,The Harmonics,Pop,2001
Whispers in the Wind 24,The Vibrations,Jazz,2011
Shadows of the Night 2,The Harmonics,Rock,2011
Echoes of Eternity 49,The Harmonics,Jazz,1990
Shadows of the Night 28,The Harmonics,Jazz,1984
Echoes of Eternity 66,Echo Ensemble,Rock,2017
Echoes of Eternity 55,Serenity Sounds,Jazz,2012
Shadows of the Night 50,Serenity Sounds,Rock,2019
Whispers in the Wind 80,Echo Ensemble,Classical,2022
Shadows of the Night 64,Echo Ensemble,Classical,1995
Echoes of Eternity 69,Echo Ensemble,Jazz,2009
Shadows of the Night 80,Serenity Sounds,Rock,2009
Rhythms of the Heart 32,The Harmonics,Classical,2019
Echoes of Eternity 1,Echo Ensemble,Rock,2006
Shadows of the Night 51,The Vibrations,Jazz,2018
Echoes of Eternity 25,Serenity Sounds,Classical,2012
Shadows of the Night 23,Echo Ensemble,Rock,1998
Rhythms of the Heart 52,The Vibrations,Jazz,2001
Echoes of Eternity 91,The Vibrations,Jazz,1990
Echoes of Eternity 37,Echo Ensemble,Pop,1985
Echoes of Eternity 59,The Harmonics,Jazz,1997
Whispers in the Wind 36,Serenity Sounds,Classical,2004
Echoes of Eternity 22,Echo Ensemble,Classical,1986
Whispers in the Wind 40,Serenity Sounds,Pop,2021
Whispers in the Wind 72,Echo Ensemble,Pop,2013
Shadows of the Night 100,The Vibrations,Pop,2013
Whispers in the Wind 91,Serenity Sounds,Pop,1991
Echoes of Eternity 84,Echo Ensemble,Pop,1985
Whispers in the Wind 58,The Vibrations,Rock,2007
Whispers in the Wind 36,The Harmonics,Jazz,2009
Echoes of Eternity 98,The Harmonics,Pop,2010
Echoes of Eternity 14,Serenity Sounds,Jazz,2018
Rhythms of the Heart 61,The Harmonics,Classical,1997
Whispers in the Wind 85,Serenity Sounds,Jazz,2017
Echoes of Eternity 81,Serenity Sounds,Pop,2005
Shadows of the Night 94,The Vibrations,Rock,2003
Rhythms of the Heart 25,The Harmonics,Rock,2003
Whispers in the Wind 27,The Harmonics,Classical,2016
Whispers in the Wind 73,The Vibrations,Jazz,2011
Rhythms of the Heart 28,Echo Ensemble,Pop,2011
Whispers in the Wind 22,The Vibrations,Jazz,2014
Whispers in the Wind 12,Echo Ensemble,Jazz,2007
Whispers in the Wind 76,The Harmonics,Classical,2012
Rhythms of the Heart 97,The Vibrations,Jazz,2003
Echoes of Eternity 74,Echo Ensemble,Classical,2011
Whispers in the Wind 68,Serenity Sounds,Pop,1983
Whispers in the Wind 83,Echo Ensemble,Rock,1986
Whispers in the Wind 75,Echo Ensemble,Classical,2018
Rhythms of the Heart 97,Serenity Sounds,Rock,2022
Shadows of the Night 14,The Harmonics,Pop,1983
Shadows of the Night 62,Serenity Sounds,Rock,2004
Rhythms of the Heart 75,The Vibrations,Rock,2002
Whispers in the Wind 27,Serenity Sounds,Jazz,2012
Rhythms of the Heart 18,The Vibrations,Classical,1981
Whispers in the Wind 83,Serenity Sounds,Pop,2006
Echoes of Eternity 58,The Harmonics,Rock,1984
Rhythms of the Heart 2,The Harmonics,Classical,2020
Shadows of the Night 91,The Harmonics,Pop,1988
Shadows of the Night 60,Serenity Sounds,Jazz,2018
